Semana.,Estado,Municipio,Posible causa,Tipo vegetación,Área natural protegida,Clasificación primer orden,Superficie,Total días / persona,Tipo de atención,Latitud,Longitud
48,Chiapas,Jiquipilas,Actividades pecuarias,Bosque de Pino,La Sepultura,Impacto Mínimo,45.961,27,Combate,16.393305,-93.88419
25,Chiapas,Cintalapa,Actividades pecuarias,Bosque de Pino,La Sepultura,Impacto Mínimo,15.0648,12,Combate,16.447895,-93.958115
22,Chiapas,Ocozocoautla de espinosa,Actividades pecuarias,Selva Baja Caducifolia,Selva El Ocote,Impacto Moderado,221.848,53,Combate,16.852745,-93.46349
22,Chiapas,Ixtapa,Desconocidas,Bosque de Pino-Encino,,Impacto Mínimo,15.1333,31,Combate,16.76932,-92.895615
21,Chiapas,Ángel albino corzo,Intencional,Bosque de Pino-Encino,,Impacto MÍnImo,96.1524,73,Combate,15.859236,-92.64828
21,Chiapas,Villa corzo,Desconocidas,Selva Baja Caducifolia,,Impacto MÍnImo,93.6378,47,Combate,16.237345,-93.14076
21,Chiapas,Villaflores,Desconocidas,Bosque de Encino,"Z.P.F. en los terrenos que se encuentran en los mpios. de La Concordia, Ángel Albino Corzo, Villa Flores y Jiquipilas",Impacto MÍnImo,84.9356,32,Combate,16.22127,-93.45628
21,Chiapas,Tuxtla gutiérrez,Intencional,Selva Baja Caducifolia,Cañón del Sumidero,Impacto MÍnImo,6.2595,10,Combate,16.770706,-93.05885
21,Chiapas,Villa corzo,Desconocidas,Bosque de Pino-Encino,,Impacto Mínimo,580.5888,65,Combate,16.185633,-93.184845
21,Chiapas,Villa corzo,Desconocidas,Bosque de Encino-Pino,,Impacto Mínimo,575.8629,33,Combate,16.200216,-93.11972
21,Chiapas,Cintalapa,Actividades pecuarias,Bosque de Pino,La Sepultura,Impacto MÍnImo,56.9364,18,Combate,16.435944,-93.95074
21,Chiapas,Villaflores,Actividades agrícolas,Bosque de Encino-Pino,La Sepultura,Impacto Moderado,566.5785,69,Combate,16.371181,-93.54573
21,Chiapas,Cintalapa,Actividades pecuarias,Bosque de Pino-Encino,La Sepultura,Impacto MÍnImo,50.4802,12,Combate,16.393383,-93.98552
21,Chiapas,Villa corzo,Desconocidas,Bosque de Encino-Pino,"Z.P.F. en los terrenos que se encuentran en los mpios. de La Concordia, Ángel Albino Corzo, Villa Flores y Jiquipilas",Impacto MÍnImo,46.3806,66,Combate,16.01065,-93.421745
21,Chiapas,Villa corzo,Desconocidas,Bosque de Encino-Pino,"Z.P.F. en los terrenos que se encuentran en los mpios. de La Concordia, Ángel Albino Corzo, Villa Flores y Jiquipilas",Impacto MÍnImo,457.9913,24,Combate,15.979527,-93.10336
21,Chiapas,La concordia,Cazadores,Selva Baja Caducifolia,,Impacto Moderado,44.2007,56,Combate,16.080862,-92.72139
21,Chiapas,Ocozocoautla de espinosa,Desconocidas,Selva Alta Perennifolia,Selva El Ocote,Impacto Severo,4.396,32,Combate,16.920006,-93.48927
21,Chiapas,Villa corzo,Desconocidas,Selva Alta Perennifolia,"Z.P.F. en los terrenos que se encuentran en los mpios. de La Concordia, Ángel Albino Corzo, Villa Flores y Jiquipilas",Impacto Moderado,434.383,98,Combate,15.99605,-93.367836
21,Chiapas,Cintalapa,Actividades pecuarias,Bosque de Pino-Encino,La Sepultura,Impacto Moderado,325.0874,53,Combate,16.461164,-93.8989
21,Chiapas,Villaflores,Actividades agrícolas,Bosque de Encino,La Sepultura,Impacto MÍnImo,28.729,42,Combate,16.235416,-93.603134
21,Chiapas,Villa corzo,Desconocidas,Bosque de Encino-Pino,"Z.P.F. en los terrenos que se encuentran en los mpios. de La Concordia, Ángel Albino Corzo, Villa Flores y Jiquipilas",Impacto MÍnImo,27.2858,12,Combate,16.053673,-93.399414
21,Chiapas,Jiquipilas,Desconocidas,Bosque de Encino-Pino,,Impacto MÍnImo,255.8167,36,Combate,16.461702,-93.56488
21,Chiapas,Jiquipilas,Actividades Pecuarias,Selva Mediana Subperennifolia,La Sepultura,Impacto MÍnImo,24.8375,12,Combate,16.340164,-93.777084
21,Chiapas,La concordia,Cazadores,Bosque de Encino-Pino,La Concordia Zaragoza,Impacto Moderado,192.529,112,Combate,16.003208,-92.6616
21,Chiapas,Ocozocoautla de espinosa,Actividades agrícolas,Selva Mediana Perennifolia,Selva El Ocote,Impacto Severo,1.7616,19,Combate,16.926294,-93.51801
21,Chiapas,La concordia,Intencional,Bosque de Encino-Pino,El Triunfo,Impacto Severo,172.2118,128,Combate,15.85455,-93.06518
21,Chiapas,La concordia,Naturales,Bosque de Pino-Encino,"Z.P.F. en los terrenos que se encuentran en los mpios. de La Concordia, Ángel Albino Corzo, Villa Flores y Jiquipilas",Impacto Moderado,1675.1982,332,Combate,15.905992,-92.99039
21,Chiapas,Villaflores,Desconocidas,Bosque de Encino-Pino,"Z.P.F. en los terrenos que se encuentran en los mpios. de La Concordia, Ángel Albino Corzo, Villa Flores y Jiquipilas",Impacto MÍnImo,1518.6898,53,Combate,16.23872,-93.38472
21,Chiapas,Ocozocoautla de espinosa,Actividades agrícolas,Selva Mediana Perennifolia,Selva El Ocote,Impacto Severo,14.2986,132,Combate,16.888136,-93.546715
21,Chiapas,Villaflores,Desconocidas,Bosque de Pino-Encino,,Impacto MÍnImo,127.9727,20,Combate,16.371885,-93.5729
21,Chiapas,Ocozocoautla de espinosa,Actividades agrícolas,Selva Mediana Subperennifolia,Selva El Ocote,Impacto Moderado,1.1385,20,Combate,16.922987,-93.50063
20,Chiapas,Ixtapa,Desconocidas,Bosque de Encino,,Impacto MÍnImo,92.8659,22,Combate,16.867992,-92.85409
20,Chiapas,Cintalapa,Actividades agrícolas,Bosque de Encino,,Impacto Moderado,91.967,60,Combate,16.861973,-93.874374
20,Chiapas,Villaflores,Desconocidas,Bosque de Encino-Pino,"Z.P.F. en los terrenos que se encuentran en los mpios. de La Concordia, Ángel Albino Corzo, Villa Flores y Jiquipilas",Impacto MÍnImo,845.3795,92,Combate,16.203186,-93.43392
20,Chiapas,Villa comaltitlán,Cazadores,Tular,La Encrucijada,Impacto Moderado,81.2029,22,Combate,15.114997,-92.725136
20,Chiapas,Montecristo de guerrero,Desconocidas,Bosque de Pino-Encino,,Impacto Mínimo,8.053,18,Combate,15.689533,-92.62109
20,Chiapas,Villa corzo,Desconocidas,Bosque de Encino-Pino,"Z.P.F. en los terrenos que se encuentran en los mpios. de La Concordia, Ángel Albino Corzo, Villa Flores y Jiquipilas",Impacto Moderado,761.2254,97,Combate,16.075762,-93.34224
20,Chiapas,Ixtapa,Desconocidas,Bosque de Pino-Encino,,Impacto Mínimo,74.4701,36,Combate,16.880661,-92.91141
20,Chiapas,Villa corzo,Intencional,Bosque de Encino-Pino,El Triunfo,Impacto Mínimo,58.6512,29,Combate,15.919355,-93.12952
20,Chiapas,Frontera comalapa,Desconocidas,Bosque de Pino-Encino,,Impacto Mínimo,498.4223,153,Combate,15.694222,-91.99981
20,Chiapas,Villaflores,Actividades pecuarias,Bosque de Pino-Encino,La Sepultura,Impacto Moderado,483.4809,141,Combate,16.321775,-93.6084
20,Chiapas,Jiquipilas,Actividades pecuarias,Bosque de Pino,La Sepultura,Impacto Moderado,481.8686,111,Combate,16.46234,-93.85368
20,Chiapas,Cintalapa,Actividades pecuarias,Bosque de Pino-Encino,La Sepultura,Impacto MÍnImo,40.001,36,Combate,16.43837,-93.9898
20,Chiapas,Ocozocoautla de espinosa,Actividades pecuarias,Selva Baja Caducifolia,Selva El Ocote,Impacto Mínimo,3.9908,21,Combate,16.876516,-93.488525
20,Chiapas,Jitotol,Desconocidas,Bosque de Pino-Encino,,Impacto Mínimo,3.4759,99,Combate,17.044727,-92.88185
20,Chiapas,Cintalapa,Desconocidas,Bosque de Encino-Pino,,Impacto Moderado,345.353,151,Combate,16.65589,-93.9868
20,Chiapas,Cintalapa,Actividades pecuarias,Bosque de Pino-Encino,La Sepultura,Impacto Moderado,316.4003,99,Combate,16.432352,-93.969154
20,Chiapas,Cintalapa,Actividades pecuarias,Bosque de Pino,La Sepultura,Impacto MÍnImo,9.9823,18,Combate,16.440676,-94.036514
20,Chiapas,La concordia,Desconocidas,Bosque de Pino-Encino,"Z.P.F. en los terrenos que se encuentran en los mpios. de La Concordia, Ángel Albino Corzo, Villa Flores y Jiquipilas",Impacto Moderado,282.1716,42,Combate,15.874333,-93.003716
20,Chiapas,Villa corzo,Desconocidas,Bosque de Encino,"Z.P.F. en los terrenos que se encuentran en los mpios. de La Concordia, Ángel Albino Corzo, Villa Flores y Jiquipilas",Impacto Mínimo,230.0221,15,Combate,16.062572,-93.24766
20,Chiapas,Arriaga,Desconocidas,Sabanoide,La Sepultura,Impacto Mínimo,22.8161,21,Combate,16.290667,-93.87775
20,Chiapas,Villaflores,Actividades agrícolas,Bosque de Pino,La Sepultura,Impacto MÍnImo,22.4699,12,Combate,16.301313,-93.54167
20,Chiapas,Cintalapa,Desconocidas,Bosque de Encino-Pino,,Impacto Moderado,1776.0483,111,Combate,16.714512,-93.97483
20,Chiapas,Cintalapa,Actividades pecuarias,Bosque de Pino-Encino,La Sepultura,Impacto Moderado,152.0814,31,Combate,16.404114,-93.921646
20,Chiapas,Altamirano,Cazadores,Bosque de Pino-Encino,,Impacto Mínimo,141.7741,19,Combate,16.719555,-92.00596
20,Chiapas,Villa corzo,Desconocidas,Bosque de Pino-Encino,"Z.P.F. en los terrenos que se encuentran en los mpios. de La Concordia, Ángel Albino Corzo, Villa Flores y Jiquipilas",Impacto MÍnImo,140.4857,84,Combate,16.071991,-93.401184
20,Chiapas,Villaflores,Actividades agrícolas,Bosque de Pino,La Sepultura,Impacto MÍnImo,12.2871,41,Combate,16.276205,-93.61631
20,Chiapas,Jiquipilas,Actividades pecuarias,Bosque de Pino,La Sepultura,Impacto Moderado,121.4037,94,Combate,16.33994,-93.75096
20,Chiapas,La concordia,Cazadores,Bosque de Pino-Encino,La Concordia Zaragoza,Impacto Moderado,120.9679,112,Combate,15.969116,-92.68315
20,Chiapas,San cristóbal de las casas,Actividades agrícolas,Bosque de Pino-Encino,,Impacto Mínimo,0.483,38,Combate,16.733189,-92.67749
20,Chiapas,Villa corzo,Desconocidas,Bosque de Encino-Pino,"Z.P.F. en los terrenos que se encuentran en los mpios. de La Concordia, Ángel Albino Corzo, Villa Flores y Jiquipilas",Impacto Moderado,1167.1681,56,Combate,16.035955,-93.346886
20,Chiapas,Villa corzo,Desconocidas,Bosque de Pino-Encino,"Z.P.F. en los terrenos que se encuentran en los mpios. de La Concordia, Ángel Albino Corzo, Villa Flores y Jiquipilas",Impacto MÍnImo,116.3027,15,Combate,15.988578,-93.07403
20,Chiapas,Amatenango de la frontera,Desconocidas,Bosque de Pino-Encino,,Impacto Mínimo,113.9833,126,Combate,15.561142,-92.05644
20,Chiapas,La concordia,Naturales,Bosque de Pino-Encino,"Z.P.F. en los terrenos que se encuentran en los mpios. de La Concordia, Ángel Albino Corzo, Villa Flores y Jiquipilas",Impacto Moderado,110.5909,22,Combate,15.864761,-92.99502
20,Chiapas,Cintalapa,Actividades pecuarias,Bosque de Encino-Pino,,Impacto Moderado,1104.539,100,Combate,16.795061,-93.90282
20,Chiapas,Villa corzo,Desconocidas,Bosque de Encino-Pino,"Z.P.F. en los terrenos que se encuentran en los mpios. de La Concordia, Ángel Albino Corzo, Villa Flores y Jiquipilas",Impacto Moderado,109.6973,47,Combate,15.988803,-93.06125
20,Chiapas,Ocozocoautla de espinosa,Actividades agrícolas,Bosque de Pino-Encino,,Impacto Mínimo,106.2031,36,Combate,16.468227,-93.49251
20,Chiapas,Jiquipilas,Desconocidas,Bosque de Encino-Pino,,Impacto Mínimo,0.5401,54,Combate,16.41826,-93.714294
19,Chiapas,Jiquipilas,Actividades pecuarias,Bosque de Pino-Encino,,Impacto Mínimo,987.9723,123,Combate,16.412289,-93.608665
19,Chiapas,Ángel albino corzo,Desconocidas,Bosque de Pino-Encino,,Impacto MÍnImo,95.2571,111,Combate,15.770875,-92.69478
19,Chiapas,Jiquipilas,Actividades pecuarias,Bosque de Encino,La Sepultura,Impacto MÍnImo,82.4654,68,Combate,16.363373,-93.67828
19,Chiapas,Villa comaltitlán,Cazadores,Tular,La Encrucijada,Impacto Moderado,81.5575,6,Combate,15.096036,-92.71597
19,Chiapas,Honduras de la sierra,Desconocidas,Bosque de Pino-Encino,,Impacto Mínimo,77.2562,660,Combate,15.642131,-92.42913
19,Chiapas,Villa corzo,Desconocidas,Bosque de Encino-Pino,"Z.P.F. en los terrenos que se encuentran en los mpios. de La Concordia, Ángel Albino Corzo, Villa Flores y Jiquipilas",Impacto Moderado,732.2506,141,Combate,16.051073,-93.172455
19,Chiapas,Villaflores,Desconocidas,Bosque de Pino-Encino,,Impacto Mínimo,67.5982,52,Combate,16.373844,-93.34984
19,Chiapas,Cintalapa,Desconocidas,Bosque de Encino-Pino,,Impacto Moderado,643.5663,87,Combate,16.658836,-93.94429
19,Chiapas,Rincón chamula san pedro,Desconocidas,Bosque de Pino-Encino,,Impacto Mínimo,5.4607,8,Combate,17.182583,-92.91763
19,Chiapas,Mapastepec,Cazadores,Tular,La Encrucijada,Impacto Moderado,4.9711,4,Combate,15.295975,-92.94058
19,Chiapas,Jiquipilas,Intencional,Bosque de Pino,La Sepultura,Impacto Moderado,474.8576,71,Combate,16.39122,-93.64218
19,Chiapas,Cintalapa,Actividades pecuarias,Bosque de Pino-Encino,,Impacto Mínimo,443.0299,202,Combate,16.695255,-94.016624
19,Chiapas,Villa corzo,Desconocidas,Bosque de Encino-Pino,"Z.P.F. en los terrenos que se encuentran en los mpios. de La Concordia, Ángel Albino Corzo, Villa Flores y Jiquipilas",Impacto Moderado,417.575,144,Combate,16.062572,-93.24255
19,Chiapas,Villa corzo,Desconocidas,Bosque de Pino-Encino,"Z.P.F. en los terrenos que se encuentran en los mpios. de La Concordia, Ángel Albino Corzo, Villa Flores y Jiquipilas",Impacto Moderado,375.1385,38,Combate,16.129766,-93.38804
19,Chiapas,Jiquipilas,Actividades pecuarias,Bosque de Encino-Pino,La Sepultura,Impacto MÍnImo,34.429,36,Combate,16.36543,-93.67281
19,Chiapas,Ocozocoautla de espinosa,Actividades agrícolas,Selva Mediana Perennifolia,Selva El Ocote,Impacto Severo,3.1132,27,Combate,16.95558,-93.51938
19,Chiapas,Jiquipilas,Desconocidas,Bosque de Pino-Encino,,Impacto Mínimo,309.2711,36,Combate,16.40877,-93.62197
19,Chiapas,Cintalapa,Actividades pecuarias,Bosque de Pino,La Sepultura,Impacto Moderado,234.4477,60,Combate,16.449081,-93.903824
19,Chiapas,Villa corzo,Desconocidas,Selva Baja Subcaducifolia,,Impacto Mínimo,225.2521,82,Combate,16.10545,-93.03009
19,Chiapas,Villa corzo,Desconocidas,Bosque de Pino-Encino,"Z.P.F. en los terrenos que se encuentran en los mpios. de La Concordia, Ángel Albino Corzo, Villa Flores y Jiquipilas",Impacto Moderado,213.009,38,Combate,16.03881,-93.24185
19,Chiapas,Villa corzo,Desconocidas,Bosque de Pino-Encino,"Z.P.F. en los terrenos que se encuentran en los mpios. de La Concordia, Ángel Albino Corzo, Villa Flores y Jiquipilas",Impacto Moderado,186.4324,31,Combate,16.074072,-93.02682
19,Chiapas,Rincón chamula san pedro,Desconocidas,Bosque de Pino,,Impacto Mínimo,1.778,70,Combate,17.182392,-92.9225
19,Chiapas,Villa corzo,Desconocidas,Bosque de Pino-Encino,"Z.P.F. en los terrenos que se encuentran en los mpios. de La Concordia, Ángel Albino Corzo, Villa Flores y Jiquipilas",Impacto MÍnImo,140.2868,57,Combate,15.991325,-93.33957
19,Chiapas,Villaflores,Desconocidas,Bosque de Encino,"Z.P.F. en los terrenos que se encuentran en los mpios. de La Concordia, Ángel Albino Corzo, Villa Flores y Jiquipilas",Impacto MÍnImo,13.8984,24,Combate,16.333591,-93.47155
19,Chiapas,Cintalapa,Actividades pecuarias,Bosque de Pino-Encino,La Sepultura,Impacto MÍnImo,12.545,12,Combate,16.423307,-93.94836
19,Chiapas,Villaflores,Actividades agrícolas,Bosque de Pino-Encino,La Sepultura,Impacto MÍnImo,112.831,24,Combate,16.375528,-93.615036
19,Chiapas,Chicomuselo,Desconocidas,Bosque de Pino,,Impacto Mínimo,1048.825,74,Combate,15.789053,-92.33091
19,Chiapas,Jiquipilas,Actividades pecuarias,Bosque de Encino-Pino,La Sepultura,Impacto Moderado,103.9268,34,Combate,16.390678,-93.71439
18,Chiapas,Jiquipilas,Actividades pecuarias,Bosque de Pino,La Sepultura,Impacto MÍnImo,99.4782,88,Combate,16.364008,-93.6711
18,Chiapas,Tuxtla gutiérrez,Actividades agrícolas,Selva Baja Caducifolia,Cañón del Sumidero,Impacto MÍnImo,9.9282,68,Combate,16.821047,-93.12795
18,Chiapas,Arriaga,Actividades pecuarias,Bosque de Pino,La Sepultura,Impacto MÍnImo,92.8794,66,Combate,16.312706,-93.847
18,Chiapas,Cintalapa,Actividades pecuarias,Bosque de Encino-Pino,La Sepultura,Impacto MÍnImo,8.7104,29,Combate,16.456772,-94.01606
18,Chiapas,Cintalapa,Actividades agrícolas,Bosque de Pino-Encino,,Impacto Moderado,779.064,129,Combate,16.504019,-94.10068
18,Chiapas,Jiquipilas,Actividades agrícolas,Bosque de Pino-Encino,La Sepultura,Impacto MÍnImo,7.7478,36,Combate,16.38843,-93.639404
18,Chiapas,Jiquipilas,Actividades pecuarias,Bosque de Pino-Encino,La Sepultura,Impacto MÍnImo,73.8393,24,Combate,16.403141,-93.69587
18,Chiapas,Villaflores,Actividades pecuarias,Bosque de Encino-Pino,La Sepultura,Impacto MÍnImo,73.0302,38,Combate,16.363625,-93.59939
18,Chiapas,Ocozocoautla de espinosa,Actividades pecuarias,Selva Baja Subcaducifolia,,Impacto Mínimo,60.3674,10,Combate,16.834028,-93.469986
18,Chiapas,Villaflores,Desconocidas,Bosque de Pino-Encino,"Z.P.F. en los terrenos que se encuentran en los mpios. de La Concordia, Ángel Albino Corzo, Villa Flores y Jiquipilas",Impacto Mínimo,59.7868,29,Combate,16.325861,-93.48772
18,Chiapas,Villaflores,Desconocidas,Selva Baja Caducifolia,La Sepultura,Impacto MÍnImo,338.4388,39,Combate,16.366673,-93.54723
18,Chiapas,Cintalapa,Actividades pecuarias,Bosque de Pino,La Sepultura,Impacto MÍnImo,3.2726,24,Combate,16.39169,-93.98672
18,Chiapas,Ocozocoautla de espinosa,Actividades agrícolas,Selva Baja Caducifolia,Selva El Ocote,Impacto MÍnImo,326.3698,21,Combate,16.821983,-93.50967
18,Chiapas,Villa corzo,Desconocidas,Bosque de Pino-Encino,"Z.P.F. en los terrenos que se encuentran en los mpios. de La Concordia, Ángel Albino Corzo, Villa Flores y Jiquipilas",Impacto MÍnImo,219.4887,44,Combate,16.040096,-93.36347
18,Chiapas,Rincón chamula san pedro,Desconocidas,Bosque de Pino,,Impacto Mínimo,20.9328,150,Combate,17.18587,-92.918045
18,Chiapas,Villa corzo,Desconocidas,Bosque de Pino-Encino,"Z.P.F. en los terrenos que se encuentran en los mpios. de La Concordia, Ángel Albino Corzo, Villa Flores y Jiquipilas",Impacto Mínimo,178.0361,42,Combate,16.067076,-93.14492
18,Chiapas,Ángel albino corzo,Intencional,Bosque de Pino-Encino,,Impacto MÍnImo,17.6874,99,Combate,15.801267,-92.68902
18,Chiapas,Tuxtla gutiérrez,Actividades pecuarias,Bosque de Encino,Cerro Mactumatzá,Impacto MÍnImo,16.4259,103,Combate,16.71375,-93.08938
18,Chiapas,Villa corzo,Desconocidas,Bosque de Pino-Encino,"Z.P.F. en los terrenos que se encuentran en los mpios. de La Concordia, Ángel Albino Corzo, Villa Flores y Jiquipilas",Impacto Moderado,161.2566,64,Combate,16.016293,-93.0218
18,Chiapas,Villa corzo,Desconocidas,Bosque de Pino-Encino,"Z.P.F. en los terrenos que se encuentran en los mpios. de La Concordia, Ángel Albino Corzo, Villa Flores y Jiquipilas",Impacto Moderado,159.1852,87,Combate,16.066334,-93.15677
18,Chiapas,Villaflores,Desconocidas,Bosque de Pino-Encino,"Z.P.F. en los terrenos que se encuentran en los mpios. de La Concordia, Ángel Albino Corzo, Villa Flores y Jiquipilas",Impacto MÍnImo,153.3008,58,Combate,16.246311,-93.4443
18,Chiapas,Villa corzo,Desconocidas,Selva Baja Caducifolia,,Impacto MÍnImo,152.1656,20,Combate,16.079742,-93.17206
18,Chiapas,Cintalapa,Desconocidas,Bosque de Pino-Encino,,Impacto Mínimo,134.9526,40,Combate,16.552633,-93.79094
18,Chiapas,Ocozocoautla de espinosa,Actividades pecuarias,Sabanoide,Finca El Corinto,Impacto MÍnImo,133.1952,6,Combate,16.82275,-93.47448
18,Chiapas,Villa corzo,Desconocidas,Bosque de Pino-Encino,"Z.P.F. en los terrenos que se encuentran en los mpios. de La Concordia, Ángel Albino Corzo, Villa Flores y Jiquipilas",Impacto MÍnImo,117.579,101,Combate,16.066273,-93.15245
17,Chiapas,La trinitaria,Desconocidas,Bosque de Encino,,Impacto Moderado,9.3968,48,Combate,16.048872,-92.01807
17,Chiapas,Teopisca,Intencional,Bosque de Pino-Encino,,Impacto Moderado,79.7505,106,Combate,16.57238,-92.45757
17,Chiapas,Bochil,Actividades agrícolas,Bosque de Encino,,Impacto MÍnImo,78.1016,28,Combate,17.041403,-92.93668
17,Chiapas,Tuxtla gutiérrez,Desconocidas,Selva Baja Caducifolia,Cañón del Sumidero,Impacto MÍnImo,7.6919,12,Combate,16.82026,-93.116806
17,Chiapas,Jitotol,Actividades pecuarias,Bosque de Encino,,Impacto Moderado,7.3728,24,Combate,17.074734,-92.92855
17,Chiapas,Jiquipilas,Actividades pecuarias,Bosque de Encino-Pino,,Impacto MÍnImo,712.421,30,Combate,16.44676,-93.64155
17,Chiapas,Ángel albino corzo,Intencional,Bosque de Pino-Encino,,Impacto Moderado,674.5898,333,Combate,15.790311,-92.71718
17,Chiapas,Jiquipilas,Actividades agrícolas,Bosque de Pino-Encino,La Sepultura,Impacto MÍnImo,59.3589,60,Combate,16.397675,-93.68312
17,Chiapas,Cintalapa,Actividades pecuarias,Bosque de Pino-Encino,,Impacto Moderado,554.4608,68,Combate,16.680689,-93.96391
17,Chiapas,Jiquipilas,Desconocidas,Bosque de Encino-Pino,,Impacto Mínimo,467.3212,36,Combate,16.532207,-93.62289
17,Chiapas,Cintalapa,Actividades agrícolas,Bosque de Pino,La Sepultura,Impacto MÍnImo,4.1862,40,Combate,16.449078,-94.01709
17,Chiapas,Ocozocoautla de espinosa,Actividades agrícolas,Sabanoide,,Impacto Moderado,37.0924,10,Combate,16.836517,-93.46742
17,Chiapas,Zinacantán,Otras actividades productivas,Bosque de Pino-Encino,,Impacto Moderado,366.256,75,Combate,16.72863,-92.803444
17,Chiapas,Soyaló,Actividades agrícolas,Bosque de Encino,,Impacto Moderado,34.3327,56,Combate,16.941135,-92.985306
17,Chiapas,Tonalá,Cazadores,Selva Baja Subcaducifolia,,Impacto Moderado,323.9058,118,Combate,15.999261,-93.62869
17,Chiapas,Arriaga,Desconocidas,Sabanoide,La Sepultura,Impacto MÍnImo,30.7719,108,Combate,16.376213,-94.028305
17,Chiapas,Pijijiapan,Cazadores,Selva Mediana Subcaducifolia,,Impacto MÍnImo,2.7287,16,Combate,15.819922,-93.257576
17,Chiapas,Villa comaltitlán,Cazadores,Tular,La Encrucijada,Impacto Moderado,21.8846,4,Combate,15.1407,-92.73589
17,Chiapas,Ocozocoautla de espinosa,Actividades agrícolas,Selva Baja Caducifolia,,Impacto Mínimo,218.7157,20,Combate,16.612041,-93.420135
17,Chiapas,La concordia,Cazadores,Bosque de Pino-Encino,La Concordia Zaragoza,Impacto Moderado,202.0253,119,Combate,15.947541,-92.699234
17,Chiapas,Suchiapa,Actividades agrícolas,Bosque de Encino,,Impacto MÍnImo,201.2182,74,Combate,16.55295,-93.102
17,Chiapas,Arriaga,Intencional,Bosque de Pino,La Sepultura,Impacto Moderado,193.5576,46,Combate,16.219059,-93.77676
17,Chiapas,Ocozocoautla de espinosa,Actividades agrícolas,Sabanoide,Selva El Ocote,Impacto Mínimo,19.3477,26,Combate,16.865322,-93.54814
17,Chiapas,Tuxtla gutiérrez,Desconocidas,Selva Baja Caducifolia,,Impacto MÍnImo,19.3099,38,Combate,16.66921,-93.21239
17,Chiapas,Cintalapa,Actividades agrícolas,Bosque de Pino-Encino,,Impacto MÍnImo,1788.1701,233,Combate,16.660114,-93.918884
17,Chiapas,Cintalapa,Actividades pecuarias,Bosque de Pino,La Sepultura,Impacto MÍnImo,16.1232,13,Combate,16.461636,-94.07782
17,Chiapas,Cintalapa,Actividades pecuarias,Selva Mediana Subperennifolia,La Sepultura,Impacto MÍnImo,14.7802,12,Combate,16.383612,-93.9338
17,Chiapas,Tonalá,Desconocidas,Selva Baja Caducifolia,,Impacto MÍnImo,14.5742,69,Combate,15.926,-93.48908
17,Chiapas,Amatenango del valle,Intencional,Bosque de Pino-Encino,,Impacto Moderado,136.7715,510,Combate,16.489538,-92.45347
17,Chiapas,Frontera comalapa,Actividades agrícolas,Bosque de Encino,,Impacto Moderado,135.5093,185,Combate,15.662167,-92.109505
17,Chiapas,Ocozocoautla de espinosa,Actividades agrícolas,Bosque de Pino-Encino,,Impacto Mínimo,114.8865,10,Combate,16.588015,-93.46372
17,Chiapas,Villa comaltitlán,Cazadores,Tular,La Encrucijada,Impacto Moderado,1102.6772,75,Combate,15.045267,-92.716354
16,Chiapas,Villa corzo,Desconocidas,Selva Baja Caducifolia,,Impacto MÍnImo,91.8587,62,Combate,16.254297,-93.16306
16,Chiapas,Villa corzo,Desconocidas,Selva Baja Caducifolia,,Impacto MÍnImo,88.7425,51,Combate,16.086441,-92.96658
16,Chiapas,Arriaga,Desconocidas,Selva Alta Subperennifolia,,Impacto MÍnImo,8.566,14,Combate,16.237888,-93.85522
16,Chiapas,Villa comaltitlán,Cazadores,Tular,La Encrucijada,Impacto Moderado,8.058,19,Combate,15.088895,-92.67422
16,Chiapas,Jiquipilas,Actividades pecuarias,Bosque de Pino-Encino,La Sepultura,Impacto MÍnImo,7.9547,70,Combate,16.371489,-93.886635
16,Chiapas,Ixtapa,Actividades agrícolas,Bosque de Encino,,Impacto MÍnImo,7.9353,415,Combate,16.757097,-92.90489
16,Chiapas,Villa corzo,Desconocidas,Selva Baja Caducifolia,,Impacto MÍnImo,75.737,54,Combate,16.250595,-93.21842
16,Chiapas,La concordia,Intencional,Bosque de Pino-Encino,"Z.P.F. en los terrenos que se encuentran en los mpios. de La Concordia, Ángel Albino Corzo, Villa Flores y Jiquipilas",Impacto Moderado,719.4584,129,Combate,15.822833,-92.97338
16,Chiapas,Teopisca,Intencional,Bosque de Pino-Encino,,Impacto Moderado,68.2006,11,Combate,16.563255,-92.453674
16,Chiapas,Cintalapa,Actividades pecuarias,Bosque de Pino-Encino,,Impacto MÍnImo,654.239,9,Combate,16.891844,-93.9323
16,Chiapas,Arriaga,Intencional,Bosque de Pino,La Sepultura,Impacto MÍnImo,5.6814,45,Combate,16.318281,-93.86695
16,Chiapas,Cintalapa,Actividades agrícolas,Bosque de Pino,La Sepultura,Impacto MÍnImo,46.5707,15,Combate,16.462547,-93.93686
16,Chiapas,Jiquipilas,Actividades pecuarias,Bosque de Encino-Pino,,Impacto MÍnImo,445.5616,46,Combate,16.412104,-93.67831
16,Chiapas,Arriaga,Desconocidas,Selva Mediana Subperennifolia,,Impacto MÍnImo,41.3962,14,Combate,16.231022,-93.85933
16,Chiapas,Pijijiapan,Desconocidas,Selva Baja Caducifolia,,Impacto Moderado,400.5727,230,Combate,15.622194,-93.06253
16,Chiapas,Teopisca,Intencional,Bosque de Pino-Encino,,Impacto Moderado,384.0915,541,Combate,16.49432,-92.47605
16,Chiapas,El parral,Desconocidas,Bosque de Encino,,Impacto Mínimo,3.1868,20,Combate,16.392042,-93.078705
16,Chiapas,Comitán de domínguez,Desconocidas,Bosque de Pino-Encino,,Impacto Moderado,31.6005,140,Combate,16.5393,-92.301605
16,Chiapas,Ixtapa,Intencional,Bosque de Pino-Encino,,Impacto Severo,312.6241,910,Combate,16.862923,-92.86787
16,Chiapas,Jiquipilas,Actividades pecuarias,Bosque de Pino,La Sepultura,Impacto MÍnImo,30.6493,48,Combate,16.367836,-93.883804
16,Chiapas,Tonalá,Desconocidas,Selva Mediana Subperennifolia,,Impacto MÍnImo,299.5634,192,Combate,15.981847,-93.62943
16,Chiapas,Jiquipilas,Actividades pecuarias,Bosque de Pino,La Sepultura,Impacto MÍnImo,27.9519,25,Combate,16.365816,-93.8665
16,Chiapas,Jiquipilas,Actividades pecuarias,Bosque de Pino,La Sepultura,Impacto MÍnImo,27.5872,26,Combate,16.387981,-93.70593
16,Chiapas,Ixtapa,Cazadores,Bosque de Encino,,Impacto Moderado,27.0532,555,Combate,16.820606,-92.95778
16,Chiapas,Jiquipilas,Actividades pecuarias,Bosque de Pino,La Sepultura,Impacto MÍnImo,26.3111,54,Combate,16.347754,-93.867455
16,Chiapas,La concordia,Desconocidas,Bosque de Pino-Encino,La Concordia Zaragoza,Impacto Moderado,2545.345,700,Combate,15.950627,-92.69896
16,Chiapas,Jiquipilas,Actividades pecuarias,Bosque de Pino,La Sepultura,Impacto MÍnImo,247.3679,22,Combate,16.402416,-93.67922
16,Chiapas,Suchiapa,Desconocidas,Selva Baja Caducifolia,,Impacto MÍnImo,244.4657,93,Combate,16.551561,-93.11488
16,Chiapas,Soyaló,Intencional,Bosque de Encino,,Impacto MÍnImo,22.2416,20,Combate,16.954191,-93.00419
16,Chiapas,Chiapa de corzo,Actividades agrícolas,Selva Baja Caducifolia,,Impacto MÍnImo,21.4703,45,Combate,16.743542,-92.951256
16,Chiapas,Chiapa de corzo,Intencional,Selva Baja Caducifolia,Cañón del Sumidero,Impacto MÍnImo,2.0469,34,Combate,16.743067,-93.03383
16,Chiapas,Huehuetán,Cazadores,Tular,La Encrucijada,Impacto Moderado,20.2958,16,Combate,14.958783,-92.54015
16,Chiapas,Jiquipilas,Actividades pecuarias,Bosque de Pino,La Sepultura,Impacto MÍnImo,20.1959,23,Combate,16.395336,-93.65954
16,Chiapas,Jiquipilas,Actividades pecuarias,Bosque de Pino,La Sepultura,Impacto MÍnImo,19.3118,50,Combate,16.355566,-93.8568
16,Chiapas,Jiquipilas,Actividades pecuarias,Bosque de Pino,La Sepultura,Impacto MÍnImo,19.2602,75,Combate,16.369589,-93.88666
16,Chiapas,Zinacantán,Otras actividades productivas,Bosque de Pino-Encino,,Impacto Moderado,1.7027,101,Combate,16.717117,-92.7361
16,Chiapas,Soyaló,Actividades agrícolas,Bosque de Encino,,Impacto Moderado,16.1295,32,Combate,16.905016,-92.91747
16,Chiapas,La concordia,Desconocidas,Bosque de Pino-Encino,La Concordia Zaragoza,Impacto MÍnImo,1508.8415,146,Combate,15.946298,-92.64145
16,Chiapas,Ocozocoautla de espinosa,Actividades pecuarias,Sabanoide,Selva El Ocote,Impacto Mínimo,14.9778,21,Combate,16.855381,-93.529724
16,Chiapas,Mapastepec,Cazadores,Tular,La Encrucijada,Impacto MÍnImo,1.4965,9,Combate,15.289475,-92.95208
16,Chiapas,La trinitaria,Desconocidas,Bosque de Encino,,Impacto Moderado,14.004,19,Combate,16.096926,-92.054085
16,Chiapas,Mazapa de madero,Desconocidas,Bosque de Encino-Pino,,Impacto Moderado,12.7543,21,Combate,15.425867,-92.19702
16,Chiapas,Villa corzo,Desconocidas,Bosque de Pino-Encino,"Z.P.F. en los terrenos que se encuentran en los mpios. de La Concordia, Ángel Albino Corzo, Villa Flores y Jiquipilas",Impacto Moderado,1230.4488,161,Combate,16.094492,-93.23663
16,Chiapas,Villaflores,Desconocidas,Bosque de Encino,,Impacto MÍnImo,11.7775,39,Combate,16.452406,-93.46653
16,Chiapas,Motozintla,Desconocidas,Bosque de Pino,,Impacto Mínimo,10.7832,58,Combate,15.351425,-92.27215
16,Chiapas,Montecristo de guerrero,Naturales,Bosque Mesófilo de Montaña,,Impacto MÍnImo,106.0373,259,Combate,15.729,-92.62889
16,Chiapas,Jiquipilas,Actividades pecuarias,Bosque de Pino,La Sepultura,Impacto MÍnImo,104.9464,42,Combate,16.35902,-93.86837
16,Chiapas,Acapetahua,Cazadores,Manglar,La Encrucijada,Impacto Moderado,0.5006,8,Combate,15.117475,-92.75542
15,Chiapas,Villa corzo,Desconocidas,Selva Baja Caducifolia,,Impacto MÍnImo,76.8764,33,Combate,16.248686,-93.16746
15,Chiapas,Cintalapa,Desconocidas,Bosque de Encino-Pino,,Impacto MÍnImo,719.1249,133,Combate,16.554752,-94.05271
15,Chiapas,Pijijiapan,Cazadores,Tular,La Encrucijada,Impacto Moderado,64.8071,16,Combate,15.461064,-93.129295
15,Chiapas,Cintalapa,Desconocidas,Selva Baja Caducifolia,,Impacto MÍnImo,59.2314,60,Combate,16.524355,-93.99598
15,Chiapas,Las margaritas,Desconocidas,Bosque de Pino,,Impacto Moderado,54.9901,194,Combate,16.290388,-91.93491
15,Chiapas,Cintalapa,Actividades pecuarias,Bosque de Encino-Pino,La Sepultura,Impacto MÍnImo,54.0565,12,Combate,16.465359,-94.053986
15,Chiapas,Ángel albino corzo,Intencional,Bosque de Encino-Pino,,Impacto MÍnImo,5.2797,121,Combate,15.736886,-92.80473
15,Chiapas,Montecristo de guerrero,Desconocidas,Bosque de Encino-Pino,,Impacto Moderado,47.3444,38,Combate,15.691998,-92.665115
15,Chiapas,Villa corzo,Desconocidas,Selva Baja Caducifolia,,Impacto Mínimo,47.2675,44,Combate,16.249834,-93.157974
15,Chiapas,Jiquipilas,Actividades agrícolas,Bosque de Pino-Encino,La Sepultura,Impacto MÍnImo,43.2819,44,Combate,16.40845,-93.6987
15,Chiapas,Ocozocoautla de espinosa,Actividades agrícolas,Bosque de Encino,,Impacto Mínimo,419.6399,70,Combate,16.502764,-93.43691
15,Chiapas,Cintalapa,Desconocidas,Bosque de Pino-Encino,,Impacto MÍnImo,3.89,58,Combate,16.597328,-93.8306
15,Chiapas,Chiapa de corzo,Actividades agrícolas,Selva Baja Caducifolia,,Impacto MÍnImo,34.3626,100,Combate,16.663664,-92.90032
15,Chiapas,Tuxtla gutiérrez,Desconocidas,Selva Baja Caducifolia,Cañón del Sumidero,Impacto MÍnImo,3.2184,32,Combate,16.813704,-93.12344
15,Chiapas,Osumacinta,Cazadores,Selva Baja Caducifolia,Cañón del Sumidero,Impacto Mínimo,308.9429,294,Combate,16.894741,-93.12052
15,Chiapas,Tonalá,Actividades pecuarias,Selva Mediana Subperennifolia,La Sepultura,Impacto Moderado,294.741,70,Combate,16.085117,-93.64741
15,Chiapas,Villaflores,Desconocidas,Selva Baja Caducifolia,,Impacto Moderado,28.7258,34,Combate,16.267094,-93.20412
15,Chiapas,Tonalá,Actividades pecuarias,Selva Mediana Subperennifolia,La Sepultura,Impacto Moderado,282.6005,95,Combate,16.119234,-93.66495
15,Chiapas,Tonalá,Cazadores,Selva Mediana Subperennifolia,La Sepultura,Impacto MÍnImo,273.5401,99,Combate,16.09215,-93.65383
15,Chiapas,Chiapa de corzo,Desconocidas,Selva Baja Caducifolia,,Impacto MÍnImo,24.3905,8,Combate,16.48175,-93.041695
15,Chiapas,Pijijiapan,Naturales,Vegetación de Dunas Costeras,La Encrucijada,Impacto Moderado,2.3519,4,Combate,15.433544,-93.15012
15,Chiapas,Tonalá,Cazadores,Selva Baja Subcaducifolia,,Impacto Moderado,217.1628,116,Combate,15.829455,-93.427345
15,Chiapas,Pijijiapan,Desconocidas,Selva Mediana Caducifolia,,Impacto Moderado,212.943,26,Combate,15.779297,-93.249306
15,Chiapas,Villa comaltitlán,Cazadores,Tular,La Encrucijada,Impacto Moderado,20.5929,17,Combate,15.105927,-92.67605
15,Chiapas,La concordia,Intencional,Bosque de Pino-Encino,"Z.P.F. en los terrenos que se encuentran en los mpios. de La Concordia, Ángel Albino Corzo, Villa Flores y Jiquipilas",Impacto Moderado,174.3065,34,Combate,15.845491,-92.963905
15,Chiapas,Tuxtla gutiérrez,Desconocidas,Selva Baja Caducifolia,Cañón del Sumidero,Impacto MÍnImo,10.0451,21,Combate,16.781279,-93.08053
15,Chiapas,Villa comaltitlán,Cazadores,Manglar,La Encrucijada,Impacto Moderado,0.5029,28,Combate,15.1075,-92.7575
14,Chiapas,Arriaga,Actividades pecuarias,Sabanoide,La Sepultura,Impacto Mínimo,31.3468,23,Combate,16.274961,-93.85016
14,Chiapas,Jiquipilas,Desconocidas,Bosque de Pino-Encino,,Impacto Mínimo,912.0741,246,Combate,16.548958,-93.6092
14,Chiapas,La concordia,Desconocidas,Selva Mediana Subperennifolia,"Z.P.F. en los terrenos que se encuentran en los mpios. de La Concordia, Ángel Albino Corzo, Villa Flores y Jiquipilas",Impacto Moderado,8.2762,27,Combate,15.809505,-93.01066
14,Chiapas,Jiquipilas,Actividades pecuarias,Selva Mediana Subperennifolia,La Sepultura,Impacto MÍnImo,6.5911,26,Combate,16.34529,-93.781334
14,Chiapas,Villa comaltitlán,Cazadores,Tular,La Encrucijada,Impacto Moderado,61.2146,7,Combate,15.1188,-92.70684
14,Chiapas,Villa comaltitlán,Cazadores,Tular,La Encrucijada,Impacto Moderado,56.0364,10,Combate,15.128458,-92.710884
14,Chiapas,Suchiapa,Desconocidas,Selva Baja Caducifolia,,Impacto Mínimo,53.1842,137,Combate,16.574778,-93.1122
14,Chiapas,Villaflores,Actividades agrícolas,Bosque de Encino,La Sepultura,Impacto Mínimo,5.2774,58,Combate,16.309826,-93.530594
14,Chiapas,Comitán de domínguez,Desconocidas,Selva Mediana Subperennifolia,,Impacto Moderado,51.7677,43,Combate,16.226011,-92.17883
14,Chiapas,Tonalá,Desconocidas,Selva Baja Caducifolia,La Sepultura,Impacto Severo,484.4639,292,Combate,16.116705,-93.69174
14,Chiapas,Cintalapa,Actividades pecuarias,Bosque de Pino,La Sepultura,Impacto MÍnImo,39.3864,24,Combate,16.469517,-93.94554
14,Chiapas,Villa corzo,Intencional,Bosque de Pino-Encino,"Z.P.F. en los terrenos que se encuentran en los mpios. de La Concordia, Ángel Albino Corzo, Villa Flores y Jiquipilas",Impacto Moderado,378.499,83,Combate,15.937008,-93.100746
14,Chiapas,Arriaga,Actividades pecuarias,Sabanoide,La Sepultura,Impacto Mínimo,37.6777,56,Combate,16.381786,-94.03985
14,Chiapas,Villa corzo,Desconocidas,Selva Baja Subcaducifolia,,Impacto MÍnImo,337.1124,77,Combate,16.088558,-92.966415
14,Chiapas,Villa comaltitlán,Cazadores,Manglar,La Encrucijada,Impacto Moderado,3.029,77,Combate,15.118378,-92.74711
14,Chiapas,Jitotol,Actividades agrícolas,Bosque de Pino-Encino,,Impacto Moderado,29.2981,43,Combate,17.045359,-92.887955
14,Chiapas,La concordia,Desconocidas,Bosque de Pino-Encino,,Impacto Moderado,284.1203,357,Combate,15.865411,-92.79125
14,Chiapas,Zinacantán,Intencional,Bosque de Pino,,Impacto MÍnImo,2.1067,31,Combate,16.732403,-92.756935
14,Chiapas,Jiquipilas,Actividades pecuarias,Bosque de Pino-Encino,,Impacto MÍnImo,19.9202,14,Combate,16.359655,-93.77282
14,Chiapas,Acapetahua,Cazadores,Tular,La Encrucijada,Impacto Moderado,17.0692,15,Combate,15.211242,-92.83686
14,Chiapas,Jiquipilas,Desconocidas,Bosque de Pino-Encino,,Impacto MÍnImo,164.803,66,Combate,16.47379,-93.65019
14,Chiapas,Jitotol,Intencional,Bosque de Pino-Encino,,Impacto Mínimo,1.4797,13,Combate,17.08513,-92.85934
14,Chiapas,Jiquipilas,Actividades Pecuarias,Bosque de Pino,,Impacto MÍnImo,13.6813,32,Combate,16.3615,-93.7659
14,Chiapas,La concordia,Intencional,Bosque de Pino-Encino,,Impacto Moderado,127.8329,97,Combate,15.866837,-92.79301
14,Chiapas,Cintalapa,Actividades agrícolas,Bosque de Pino,,Impacto Moderado,1218.714,198,Combate,16.569267,-93.71648
14,Chiapas,San cristóbal de las casas,Intencional,Bosque de Pino-Encino,,Impacto Moderado,1.2171,75,Combate,16.762909,-92.64968
14,Chiapas,Huehuetán,Cazadores,Tular,La Encrucijada,Impacto Moderado,103.7558,8,Combate,14.98372,-92.546425
14,Chiapas,Tonalá,Desconocidas,Selva Mediana Caducifolia,,Impacto MÍnImo,12.0831,80,Combate,15.978583,-93.63086
13,Chiapas,Cintalapa,Actividades pecuarias,Bosque de Pino-Encino,La Sepultura,Impacto Mínimo,8.357,12,Combate,16.473778,-93.94955
13,Chiapas,Jitotol,Intencional,Bosque de Pino,,Impacto Moderado,5.7979,66,Combate,17.08737,-92.85739
13,Chiapas,Cintalapa,Actividades pecuarias,Bosque de Pino-Encino,La Sepultura,Impacto Mínimo,5.3137,37,Combate,16.433998,-93.99033
13,Chiapas,Jiquipilas,Actividades pecuarias,Bosque de Pino-Encino,,Impacto Mínimo,4.9205,14,Combate,16.378946,-93.76403
13,Chiapas,Villa corzo,Desconocidas,Selva Baja Perennifolia,,Impacto Mínimo,4.4111,54,Combate,16.15575,-93.22022
13,Chiapas,Pijijiapan,Desconocidas,Selva Mediana Perennifolia,,Impacto Moderado,43.784,56,Combate,15.616103,-93.09697
13,Chiapas,Jiquipilas,Actividades pecuarias,Bosque de Encino-Pino,La Sepultura,Impacto Mínimo,42.1316,69,Combate,16.3929,-93.6884
13,Chiapas,Jitotol,Intencional,Bosque de Pino-Encino,,Impacto Mínimo,3.9722,19,Combate,17.075787,-92.853645
13,Chiapas,Villa corzo,Desconocidas,Bosque de Pino-Encino,"Z.P.F. en los terrenos que se encuentran en los mpios. de La Concordia, Ángel Albino Corzo, Villa Flores y Jiquipilas",Impacto Mínimo,3.1617,55,Combate,15.968352,-93.15058
13,Chiapas,El parral,Desconocidas,Selva Baja Caducifolia,,Impacto Mínimo,30.9219,52,Combate,16.300388,-93.02268
13,Chiapas,La trinitaria,Desconocidas,Bosque de Encino,,Impacto Moderado,2.9086,23,Combate,16.058737,-92.016594
13,Chiapas,Soyaló,Intencional,Bosque de Pino,,Impacto Mínimo,2.784,18,Combate,16.882534,-92.90685
13,Chiapas,Mapastepec,Cazadores,Tular,La Encrucijada,Impacto Moderado,2.7616,21,Combate,15.287556,-92.946556
13,Chiapas,La concordia,Cazadores,Bosque de Pino-Encino,La Concordia Zaragoza,Impacto Moderado,2752.5404,553,Combate,16.026009,-92.63509
13,Chiapas,Bochil,Actividades agrícolas,Bosque de Encino,,Impacto Mínimo,2.5324,46,Combate,17.030777,-92.99554
13,Chiapas,Villa corzo,Desconocidas,Bosque de Pino-Encino,"Z.P.F. en los terrenos que se encuentran en los mpios. de La Concordia, Ángel Albino Corzo, Villa Flores y Jiquipilas",Impacto Mínimo,218.7914,61,Combate,15.962209,-93.084984
13,Chiapas,La concordia,Desconocidas,Bosque de Pino-Encino,,Impacto Mínimo,19.7958,40,Combate,15.851755,-92.95714
13,Chiapas,Bochil,Cazadores,Bosque de Encino,,Impacto Moderado,178.1288,63,Combate,17.057444,-93.08778
13,Chiapas,Huixtla,Cazadores,Tular,La Encrucijada,Impacto Moderado,16.6886,12,Combate,14.997705,-92.57097
13,Chiapas,Tonalá,Desconocidas,Selva Alta Subperennifolia,,Impacto Mínimo,156.1947,258,Combate,15.898528,-93.625885
13,Chiapas,Pijijiapan,Cazadores,Tular,La Encrucijada,Impacto Moderado,15.5087,8,Combate,15.528203,-93.19957
13,Chiapas,Villa comaltitlán,Cazadores,Tular,La Encrucijada,Impacto Moderado,15.0301,14,Combate,15.110919,-92.674355
13,Chiapas,El parral,Desconocidas,Bosque de Encino-Pino,,Impacto Mínimo,11.6364,96,Combate,16.306864,-93.02579
13,Chiapas,Villa corzo,Intencional,Bosque de Pino-Encino,"Z.P.F. en los terrenos que se encuentran en los mpios. de La Concordia, Ángel Albino Corzo, Villa Flores y Jiquipilas",Impacto Mínimo,112.7189,71,Combate,15.996947,-93.48107
13,Chiapas,Villa corzo,Intencional,Bosque de Pino-Encino,"Z.P.F. en los terrenos que se encuentran en los mpios. de La Concordia, Ángel Albino Corzo, Villa Flores y Jiquipilas",Impacto Mínimo,109.2284,69,Combate,15.998264,-93.47666
13,Chiapas,Jiquipilas,Desconocidas,Bosque de Pino-Encino,,Impacto Moderado,101.8397,103,Combate,16.597305,-93.58843
12,Chiapas,Tonalá,Cazadores,Selva Baja Perennifolia,,Impacto Moderado,911.7766,380,Combate,15.963886,-93.57184
12,Chiapas,Huehuetán,Cazadores,Tular,La Encrucijada,Impacto Moderado,88.7226,22,Combate,14.986364,-92.54923
12,Chiapas,Arriaga,Intencional,Sabanoide,La Sepultura,Impacto Mínimo,592.04,66,Combate,16.248625,-93.87439
12,Chiapas,Comitán de domínguez,Desconocidas,Bosque de Pino,,Impacto Moderado,4.0107,31,Combate,16.20603,-92.082756
12,Chiapas,Chiapa de corzo,Quema de basureros,Selva Baja Caducifolia,Cañón del Sumidero,Impacto Mínimo,37.7308,216,Combate,16.760063,-93.03551
12,Chiapas,Villa corzo,Desconocidas,Bosque de Encino-Pino,,Impacto Mínimo,369.6035,140,Combate,16.251175,-93.05123
12,Chiapas,Ocozocoautla de espinosa,Desconocidas,Bosque de Pino-Encino,,Impacto Mínimo,27.7247,233,Combate,16.501783,-93.443665
12,Chiapas,Jiquipilas,Intencional,Bosque de Pino-Encino,La Sepultura,Impacto Mínimo,24.5135,14,Combate,16.404663,-93.70434
12,Chiapas,El parral,Desconocidas,Bosque de Encino,,Impacto Mínimo,242.5572,37,Combate,16.297583,-93.03892
12,Chiapas,Villa comaltitlán,Cazadores,Tular,La Encrucijada,Impacto Moderado,22.6383,9,Combate,15.048361,-92.65161
12,Chiapas,Tapalapa,Actividades pecuarias,Bosque de Pino-Encino,,Impacto Mínimo,2.2056,8,Combate,17.167597,-93.115005
12,Chiapas,Tuxtla gutiérrez,Desconocidas,Selva Baja Caducifolia,,Impacto Moderado,18.4278,85,Combate,16.791529,-93.15634
12,Chiapas,San cristóbal de las casas,Intencional,Bosque de Pino-Encino,Rancho Nuevo,Impacto Moderado,14.7576,33,Combate,16.646944,-92.59805
12,Chiapas,La concordia,Desconocidas,Bosque de Pino-Encino,,Impacto Moderado,147.2105,20,Combate,15.855197,-92.945335
12,Chiapas,Jiquipilas,Intencional,Bosque de Encino,La Sepultura,Impacto Mínimo,12.7856,13,Combate,16.409986,-93.70114
12,Chiapas,Cintalapa,Desconocidas,Bosque de Pino-Encino,,Impacto Mínimo,115.4866,181,Combate,16.489267,-94.12256
12,Chiapas,Villa corzo,Intencional,Bosque de Pino-Encino,"Z.P.F. en los terrenos que se encuentran en los mpios. de La Concordia, Ángel Albino Corzo, Villa Flores y Jiquipilas",Impacto Moderado,115.4395,73,Combate,15.994144,-93.484985
11,Chiapas,Montecristo de guerrero,Cazadores,Bosque de Encino-Pino,,Impacto Mínimo,80.417,36,Combate,15.720583,-92.59431
11,Chiapas,Osumacinta,Fumadores,Bosque de Encino,,Impacto Mínimo,7.1252,54,Combate,16.919916,-93.11978
11,Chiapas,Comitán de domínguez,Desconocidas,Bosque de Encino,,Impacto Moderado,6.0554,35,Combate,16.23435,-92.05461
11,Chiapas,Tuxtla gutiérrez,Intencional,Selva Mediana Subperennifolia,Cañón del Sumidero,Impacto Moderado,6.0213,36,Combate,16.818361,-93.0913
11,Chiapas,Villa corzo,Otras actividades productivas,Bosque de Pino-Encino,"Z.P.F. en los terrenos que se encuentran en los mpios. de La Concordia, Ángel Albino Corzo, Villa Flores y Jiquipilas",Impacto Mínimo,53.9485,109,Combate,16.044289,-93.43088
11,Chiapas,Villa comaltitlán,Cazadores,Tular,La Encrucijada,Impacto Moderado,5.223,7,Combate,15.096364,-92.672356
11,Chiapas,Chicomuselo,Desconocidas,Selva Baja Caducifolia,,Impacto Moderado,50.8121,46,Combate,15.836447,-92.334526
11,Chiapas,Pijijiapan,Cazadores,Tular,La Encrucijada,Impacto Moderado,42.2478,4,Combate,15.444125,-93.11265
11,Chiapas,Jiquipilas,Actividades agrícolas,Bosque de Pino-Encino,,Impacto Mínimo,41.6676,47,Combate,16.389647,-93.77042
11,Chiapas,Villa corzo,Otras actividades productivas,Bosque de Pino-Encino,"Z.P.F. en los terrenos que se encuentran en los mpios. de La Concordia, Ángel Albino Corzo, Villa Flores y Jiquipilas",Impacto Mínimo,353.4893,190,Combate,15.91185,-93.2446
11,Chiapas,Huixtla,Cazadores,Tular,La Encrucijada,Impacto Moderado,35.2912,12,Combate,15.014192,-92.58303
11,Chiapas,Tonalá,Cazadores,Selva Baja Perennifolia,,Impacto Moderado,332.8487,290,Combate,15.915806,-93.61802
11,Chiapas,Arriaga,Actividades pecuarias,Selva Baja Caducifolia,La Sepultura,Impacto Mínimo,28.2224,34,Combate,16.339603,-93.972534
11,Chiapas,Jiquipilas,Actividades agrícolas,Bosque de Encino,,Impacto Mínimo,230.6627,47,Combate,16.425478,-93.74828
11,Chiapas,Mazatán,Cazadores,Tular,La Encrucijada,Impacto Moderado,22.5795,13,Combate,14.906773,-92.54317
11,Chiapas,Tonalá,Desconocidas,Selva Mediana Subperennifolia,,Impacto Mínimo,200.2966,207,Combate,15.928445,-93.59695
11,Chiapas,Comitán de domínguez,Desconocidas,Bosque de Pino,,Impacto Mínimo,1.9886,67,Combate,16.168814,-92.07215
11,Chiapas,La concordia,Otras actividades productivas,Bosque de Pino-Encino,"Z.P.F. en los terrenos que se encuentran en los mpios. de La Concordia, Ángel Albino Corzo, Villa Flores y Jiquipilas",Impacto Mínimo,14.9858,52,Combate,15.801158,-93.00344
11,Chiapas,Jiquipilas,Actividades pecuarias,Bosque de Encino,La Sepultura,Impacto Mínimo,143.2717,155,Combate,16.357367,-93.777405
11,Chiapas,Mazatán,Cazadores,Popal,La Encrucijada,Impacto Moderado,106.3341,28,Combate,14.978036,-92.55505
10,Chiapas,Las margaritas,Desconocidas,Bosque de Pino-Encino,,Impacto Moderado,58.8026,126,Combate,16.27598,-91.91323
10,Chiapas,Tonalá,Cazadores,Selva Baja Perennifolia,,Impacto Moderado,525.0362,378,Combate,15.939914,-93.62943
10,Chiapas,Cintalapa,Intencional,Bosque de Pino,La Sepultura,Impacto Mínimo,46.9188,44,Combate,16.470064,-94.00779
10,Chiapas,Jiquipilas,Desconocidas,Selva Baja Caducifolia,,Impacto Mínimo,187.224,135,Combate,16.574331,-93.571266
10,Chiapas,Huixtla,Cazadores,Popal,La Encrucijada,Impacto Moderado,17.0021,17,Combate,15.007934,-92.570404
10,Chiapas,Tonalá,Actividades pecuarias,Selva Baja Caducifolia,La Sepultura,Impacto Mínimo,16.9574,11,Combate,16.140936,-93.76051
10,Chiapas,Huixtla,Cazadores,Popal,La Encrucijada,Impacto Moderado,15.1973,10,Combate,14.972834,-92.62236
10,Chiapas,La concordia,Intencional,Bosque de Pino-Encino,"Z.P.F. en los terrenos que se encuentran en los mpios. de La Concordia, Ángel Albino Corzo, Villa Flores y Jiquipilas",Impacto Mínimo,14.5728,66,Combate,15.99152,-92.95489
10,Chiapas,Arriaga,Actividades pecuarias,Sabanoide,La Sepultura,Impacto Mínimo,135.7239,14,Combate,16.276995,-93.84463
10,Chiapas,Jiquipilas,Actividades agrícolas,Bosque de Encino,La Sepultura,Impacto Mínimo,11.7232,45,Combate,16.372814,-93.619804
10,Chiapas,La concordia,Cazadores,Selva Baja Caducifolia,,Impacto Mínimo,110.9119,13,Combate,16.01255,-92.764626
10,Chiapas,San cristóbal de las casas,Intencional,Bosque de Pino-Encino,,Impacto Moderado,0.5525,68,Combate,16.716116,-92.605415
9,Chiapas,Tonalá,Intencional,Selva Mediana Subperennifolia,La Sepultura,Impacto Severo,873.2776,246,Combate,16.15421,-93.75996
9,Chiapas,Tonalá,Cazadores,Bosque de Pino,La Sepultura,Impacto Moderado,634.2543,108,Combate,16.174263,-93.783775
9,Chiapas,Jiquipilas,Desconocidas,Bosque de Pino-Encino,,Impacto Mínimo,33.6461,68,Combate,16.383436,-93.77763
9,Chiapas,La concordia,Intencional,Selva Mediana Caducifolia,,Impacto Moderado,285.0734,62,Combate,16.00845,-92.77589
9,Chiapas,Jiquipilas,Desconocidas,Bosque de Pino-Encino,,Impacto Moderado,271.312,141,Combate,16.36777,-93.783516
9,Chiapas,Jiquipilas,Intencional,Bosque de Pino-Encino,La Sepultura,Impacto Mínimo,20.4133,35,Combate,16.375652,-93.621506
9,Chiapas,Zinacantán,Otras actividades productivas,Bosque de Pino-Encino,,Impacto Mínimo,1.5022,21,Combate,16.758078,-92.798904
9,Chiapas,Tonalá,Desconocidas,Selva Mediana Subperennifolia,,Impacto Mínimo,123.8397,135,Combate,15.897555,-93.6433
9,Chiapas,Tonalá,Cazadores,Selva Mediana Subperennifolia,,Impacto Mínimo,1040.0858,329,Combate,15.984108,-93.67233
8,Chiapas,Cintalapa,Actividades agrícolas,Bosque de Pino-Encino,,Impacto Mínimo,5.3051,38,Combate,16.678814,-93.9875
8,Chiapas,Acapetahua,Cazadores,Popal,La Encrucijada,Impacto Moderado,4.1482,16,Combate,15.11445,-92.75989
8,Chiapas,Tonalá,Desconocidas,Selva Baja Caducifolia,,Impacto Mínimo,24.8131,130,Combate,15.970772,-93.65813
8,Chiapas,Tonalá,Cazadores,Bosque de Pino,La Sepultura,Impacto Moderado,1614.6766,476,Combate,16.167372,-93.82084
8,Chiapas,Tuxtla gutiérrez,Desconocidas,Selva Baja Caducifolia,Cañón del Sumidero,Impacto Mínimo,1.0067,49,Combate,16.807222,-93.121086
7,Chiapas,Jiquipilas,Cazadores,Bosque de Pino,,Impacto Mínimo,80.901,32,Combate,16.540665,-93.58769
7,Chiapas,Tuxtla gutiérrez,Desconocidas,Selva Baja Caducifolia,Cañón del Sumidero,Impacto Moderado,8.0615,26,Combate,16.766527,-93.05325
7,Chiapas,Tonalá,Actividades agrícolas,Selva Baja Caducifolia,La Sepultura,Impacto Moderado,69.3518,150,Combate,16.159372,-93.77474
7,Chiapas,Tonalá,Cazadores,Selva Baja Caducifolia,,Impacto Moderado,412.6196,119,Combate,15.962953,-93.632095
7,Chiapas,Jiquipilas,Cazadores,Bosque de Pino,,Impacto Mínimo,3.7357,32,Combate,16.427141,-93.597755
7,Chiapas,Pijijiapan,Desconocidas,Selva Mediana Perennifolia,,Impacto Mínimo,30.537,39,Combate,15.817561,-93.416855
7,Chiapas,Arriaga,Intencional,Sabanoide,La Sepultura,Impacto Mínimo,29.8135,34,Combate,16.290129,-93.86924
7,Chiapas,Arriaga,Desconocidas,Selva Baja Subcaducifolia,La Sepultura,Impacto Mínimo,203.1983,30,Combate,16.261898,-93.93981
7,Chiapas,Villa comaltitlán,Cazadores,Tular,La Encrucijada,Impacto Moderado,1.4151,6,Combate,15.126317,-92.71924
7,Chiapas,Chiapa de corzo,Actividades agrícolas,Bosque de Encino,,Impacto Mínimo,130.0175,42,Combate,16.485641,-93.03204
7,Chiapas,Cintalapa,Cazadores,Bosque de Encino-Pino,La Sepultura,Impacto Mínimo,10.7879,10,Combate,16.435816,-93.945366
6,Chiapas,Tonalá,Actividades pecuarias,Selva Baja Caducifolia,,Impacto Mínimo,84.9069,75,Combate,16.068806,-93.72698
6,Chiapas,Villa corzo,Cazadores,Bosque de Encino-Pino,,Impacto Mínimo,45.2481,104,Combate,16.085867,-93.132935
6,Chiapas,Arriaga,Otras actividades productivas,Selva Baja Caducifolia,,Impacto Mínimo,19.7501,84,Combate,16.263517,-93.87483
6,Chiapas,Tuxtla gutiérrez,Quema de basureros,Selva Baja Caducifolia,Cañón del Sumidero,Impacto Moderado,1.3188,33,Combate,16.80278,-93.09502
5,Chiapas,La concordia,Cazadores,Bosque de Pino-Encino,La Concordia Zaragoza,Impacto Mínimo,88.1283,25,Combate,15.98243,-92.609406
5,Chiapas,Chiapa de corzo,Actividades agrícolas,Selva Baja Caducifolia,,Impacto Mínimo,13.1698,22,Combate,16.749397,-92.97558
5,Chiapas,Tuxtla gutiérrez,Intencional,Selva Baja Caducifolia,Cañón del Sumidero,Impacto Mínimo,1.2635,7,Combate,16.77272,-93.0601
4,Chiapas,Suchiapa,Actividades agrícolas,Selva Baja Caducifolia,,Impacto Moderado,5.7598,47,Combate,16.545584,-93.073
4,Chiapas,Pijijiapan,Cazadores,Vegetación de Dunas Costeras,La Encrucijada,Impacto Moderado,2.3634,18,Combate,15.478683,-93.1987
4,Chiapas,Villa corzo,Intencional,Bosque de Encino-Pino,"Z.P.F. en los terrenos que se encuentran en los mpios. de La Concordia, Ángel Albino Corzo, Villa Flores y Jiquipilas",Impacto Mínimo,191.0419,41,Combate,16.130093,-93.43329
4,Chiapas,Tuxtla gutiérrez,Intencional,Selva Baja Caducifolia,Cañón del Sumidero,Impacto Moderado,1.4577,33,Combate,16.815527,-93.12268
4,Chiapas,Pijijiapan,Desconocidas,Selva Mediana Perennifolia,,Impacto Mínimo,12.3287,28,Combate,15.824025,-93.32163
3,Chiapas,Arriaga,Desconocidas,Selva Baja Caducifolia,,Impacto Mínimo,42.7598,10,Combate,16.2537,-93.91724
3,Chiapas,Pijijiapan,Cazadores,Sabanoide,,Impacto Mínimo,113.5468,50,Combate,15.818825,-93.29847
2,Chiapas,Arriaga,Cazadores,Sabanoide,La Sepultura,Impacto Mínimo,52.7232,37,Combate,16.287064,-93.945595
1,Chiapas,Arriaga,Cazadores,Selva Baja Caducifolia,,Impacto Mínimo,302.1093,297,Combate,16.236492,-93.97157
1,Chiapas,Pijijiapan,Cazadores,Tular,La Encrucijada,Impacto Moderado,100.8715,4,Combate,15.452014,-93.11203
